-- phpMyAdmin SQL Dump
-- version 5.0.1
-- https://www.phpmyadmin.net/
--
-- Host: 127.0.0.1
-- Waktu pembuatan: 16 Feb 2020 pada 15.47
-- Versi server: 10.4.11-MariaDB
-- Versi PHP: 7.3.14

SET SQL_MODE = "NO_AUTO_VALUE_ON_ZERO";
SET AUTOCOMMIT = 0;
START TRANSACTION;
SET time_zone = "+00:00";


/*!40101 SET @OLD_CHARACTER_SET_CLIENT=@@CHARACTER_SET_CLIENT */;
/*!40101 SET @OLD_CHARACTER_SET_RESULTS=@@CHARACTER_SET_RESULTS */;
/*!40101 SET @OLD_COLLATION_CONNECTION=@@COLLATION_CONNECTION */;
/*!40101 SET NAMES utf8mb4 */;

--
-- Database: `food`
--

-- --------------------------------------------------------

--
-- Struktur dari tabel `items`
--

CREATE TABLE `items` (
  `id` int(11) NOT NULL,
  `name` varchar(20) NOT NULL,
  `price` int(11) NOT NULL,
  `deleted` tinyint(4) NOT NULL DEFAULT 0
) ENGINE=InnoDB DEFAULT CHARSET=latin1;

--
-- Dumping data untuk tabel `items`
--

INSERT INTO `items` (`id`, `name`, `price`, `deleted`) VALUES
(1, 'Donat Coklat', 10000, 0),
(2, 'Donat Keju', 12000, 0),
(3, 'Donat Strowberry', 15000, 0),
(4, 'Donat Blueberry', 12000, 0),
(5, 'Donat Melon', 10000, 0);

-- --------------------------------------------------------

--
-- Struktur dari tabel `orders`
--

CREATE TABLE `orders` (
  `id` int(11) NOT NULL,
  `customer_id` int(11) NOT NULL,
  `address` varchar(300) NOT NULL,
  `description` varchar(300) NOT NULL,
  `date` datetime NOT NULL DEFAULT current_timestamp(),
  `payment_type` varchar(16) NOT NULL DEFAULT 'Wallet',
  `total` int(11) NOT NULL,
  `status` varchar(25) NOT NULL DEFAULT 'Yet to be delivered',
  `deleted` tinyint(4) NOT NULL DEFAULT 0
) ENGINE=InnoDB DEFAULT CHARSET=latin1;

--
-- Dumping data untuk tabel `orders`
--

INSERT INTO `orders` (`id`, `customer_id`, `address`, `description`, `date`, `payment_type`, `total`, `status`, `deleted`) VALUES
(8, 3, 'Gondang Tulungrejo', 'Dikirim Cepat pak ya', '2020-02-16 14:30:07', 'Cash On Delivery', 85, 'Cancelled by Customer', 1);

-- --------------------------------------------------------

--
-- Struktur dari tabel `order_details`
--

CREATE TABLE `order_details` (
  `id` int(11) NOT NULL,
  `order_id` int(11) NOT NULL,
  `item_id` int(11) NOT NULL,
  `quantity` int(11) NOT NULL,
  `price` int(11) NOT NULL
) ENGINE=InnoDB DEFAULT CHARSET=latin1;

--
-- Dumping data untuk tabel `order_details`
--

INSERT INTO `order_details` (`id`, `order_id`, `item_id`, `quantity`, `price`) VALUES
(16, 8, 2, 1, 45),
(17, 8, 3, 1, 20),
(18, 8, 5, 1, 20);

-- --------------------------------------------------------

--
-- Struktur dari tabel `tickets`
--

CREATE TABLE `tickets` (
  `id` int(11) NOT NULL,
  `poster_id` int(11) NOT NULL,
  `subject` varchar(100) NOT NULL,
  `description` varchar(3000) NOT NULL,
  `status` varchar(8) NOT NULL DEFAULT 'Open',
  `type` varchar(30) NOT NULL DEFAULT 'Others',
  `date` datetime NOT NULL DEFAULT current_timestamp(),
  `deleted` tinyint(4) NOT NULL DEFAULT 0
) ENGINE=InnoDB DEFAULT CHARSET=latin1;

--
-- Dumping data untuk tabel `tickets`
--

INSERT INTO `tickets` (`id`, `poster_id`, `subject`, `description`, `status`, `type`, `date`, `deleted`) VALUES
(1, 2, 'Subject 1', 'New Description for Subject 1', 'Answered', 'Support', '2017-03-30 18:08:51', 0),
(2, 3, 'assasasa', 'asasacac sd123sdeqweqwe', 'Open', 'Complaint', '2020-02-16 21:45:13', 0);

-- --------------------------------------------------------

--
-- Struktur dari tabel `ticket_details`
--

CREATE TABLE `ticket_details` (
  `id` int(11) NOT NULL,
  `ticket_id` int(11) NOT NULL,
  `user_id` int(11) NOT NULL,
  `description` varchar(1000) NOT NULL,
  `date` datetime NOT NULL DEFAULT current_timestamp()
) ENGINE=InnoDB DEFAULT CHARSET=latin1;

--
-- Dumping data untuk tabel `ticket_details`
--

INSERT INTO `ticket_details` (`id`, `ticket_id`, `user_id`, `description`, `date`) VALUES
(5, 2, 3, 'asasacac sd123sdeqweqwe', '2020-02-16 21:45:13');

-- --------------------------------------------------------

--
-- Struktur dari tabel `users`
--

CREATE TABLE `users` (
  `id` int(11) NOT NULL,
  `role` varchar(15) NOT NULL DEFAULT 'Customer',
  `name` varchar(15) NOT NULL,
  `username` varchar(10) NOT NULL,
  `password` varchar(16) NOT NULL,
  `email` varchar(35) DEFAULT NULL,
  `address` varchar(300) DEFAULT NULL,
  `contact` bigint(11) NOT NULL,
  `verified` tinyint(1) NOT NULL DEFAULT 0,
  `deleted` tinyint(4) NOT NULL DEFAULT 0
) ENGINE=InnoDB DEFAULT CHARSET=latin1;

--
-- Dumping data untuk tabel `users`
--

INSERT INTO `users` (`id`, `role`, `name`, `username`, `password`, `email`, `address`, `contact`, `verified`, `deleted`) VALUES
(1, 'Administrator', 'Admin 1', 'root', 'toor', '', 'Address 1', 9898000000, 1, 0),
(2, 'Customer', 'Customer 1', 'user1', 'pass1', 'mail2@example.com', 'Address 2', 9898000001, 1, 0),
(3, 'Customer', 'Ibra Sahputra', 'ibraa', 'arema2987', 'mail3@example.com', 'Gondang Tulungrejo', 9898000002, 1, 0),
(4, 'Customer', 'Customer 3', 'user3', 'pass3', '', '', 9898000003, 0, 0),
(5, 'Customer', 'Customer 4', 'user4', 'pass4', '', '', 9898000004, 0, 1);

-- --------------------------------------------------------

--
-- Struktur dari tabel `wallet`
--

CREATE TABLE `wallet` (
  `id` int(11) NOT NULL,
  `customer_id` int(11) NOT NULL
) ENGINE=InnoDB DEFAULT CHARSET=latin1;

--
-- Dumping data untuk tabel `wallet`
--

INSERT INTO `wallet` (`id`, `customer_id`) VALUES
(1, 1),
(2, 2),
(3, 3),
(4, 4),
(5, 5);

-- --------------------------------------------------------

--
-- Struktur dari tabel `wallet_details`
--

CREATE TABLE `wallet_details` (
  `id` int(11) NOT NULL,
  `wallet_id` int(11) NOT NULL,
  `number` varchar(16) NOT NULL,
  `cvv` int(3) NOT NULL,
  `balance` int(11) NOT NULL DEFAULT 2000
) ENGINE=InnoDB DEFAULT CHARSET=latin1;

--
-- Dumping data untuk tabel `wallet_details`
--

INSERT INTO `wallet_details` (`id`, `wallet_id`, `number`, `cvv`, `balance`) VALUES
(1, 1, '6155247490533921', 983, 3430),
(2, 2, '1887587142382050', 772, 1850),
(3, 3, '4595809639046830', 532, 1870),
(4, 4, '5475856443351234', 521, 2000),
(5, 5, '9076633115663264', 229, 2000);

--
-- Indexes for dumped tables
--

--
-- Indeks untuk tabel `items`
--
ALTER TABLE `items`
  ADD PRIMARY KEY (`id`),
  ADD UNIQUE KEY `name` (`name`),
  ADD UNIQUE KEY `id` (`id`);

--
-- Indeks untuk tabel `orders`
--
ALTER TABLE `orders`
  ADD PRIMARY KEY (`id`),
  ADD UNIQUE KEY `id` (`id`),
  ADD KEY `customer_id` (`customer_id`);

--
-- Indeks untuk tabel `order_details`
--
ALTER TABLE `order_details`
  ADD PRIMARY KEY (`id`),
  ADD UNIQUE KEY `id` (`id`),
  ADD KEY `item_id` (`item_id`),
  ADD KEY `order_id` (`order_id`);

--
-- Indeks untuk tabel `tickets`
--
ALTER TABLE `tickets`
  ADD PRIMARY KEY (`id`),
  ADD KEY `poster_id` (`poster_id`);

--
-- Indeks untuk tabel `ticket_details`
--
ALTER TABLE `ticket_details`
  ADD PRIMARY KEY (`id`),
  ADD KEY `ticket_id` (`ticket_id`),
  ADD KEY `user_id` (`user_id`);

--
-- Indeks untuk tabel `users`
--
ALTER TABLE `users`
  ADD PRIMARY KEY (`id`),
  ADD UNIQUE KEY `username` (`username`),
  ADD UNIQUE KEY `id` (`id`);

--
-- Indeks untuk tabel `wallet`
--
ALTER TABLE `wallet`
  ADD PRIMARY KEY (`id`),
  ADD UNIQUE KEY `customer_id` (`customer_id`),
  ADD UNIQUE KEY `id` (`id`);

--
-- Indeks untuk tabel `wallet_details`
--
ALTER TABLE `wallet_details`
  ADD PRIMARY KEY (`id`),
  ADD UNIQUE KEY `wallet_id` (`wallet_id`),
  ADD UNIQUE KEY `id` (`id`);

--
-- AUTO_INCREMENT untuk tabel yang dibuang
--

--
-- AUTO_INCREMENT untuk tabel `items`
--
ALTER TABLE `items`
  MODIFY `id` int(11) NOT NULL AUTO_INCREMENT, AUTO_INCREMENT=6;

--
-- AUTO_INCREMENT untuk tabel `orders`
--
ALTER TABLE `orders`
  MODIFY `id` int(11) NOT NULL AUTO_INCREMENT, AUTO_INCREMENT=9;

--
-- AUTO_INCREMENT untuk tabel `order_details`
--
ALTER TABLE `order_details`
  MODIFY `id` int(11) NOT NULL AUTO_INCREMENT, AUTO_INCREMENT=19;

--
-- AUTO_INCREMENT untuk tabel `tickets`
--
ALTER TABLE `tickets`
  MODIFY `id` int(11) NOT NULL AUTO_INCREMENT, AUTO_INCREMENT=3;

--
-- AUTO_INCREMENT untuk tabel `ticket_details`
--
ALTER TABLE `ticket_details`
  MODIFY `id` int(11) NOT NULL AUTO_INCREMENT, AUTO_INCREMENT=6;

--
-- AUTO_INCREMENT untuk tabel `users`
--
ALTER TABLE `users`
  MODIFY `id` int(11) NOT NULL AUTO_INCREMENT, AUTO_INCREMENT=6;

--
-- AUTO_INCREMENT untuk tabel `wallet`
--
ALTER TABLE `wallet`
  MODIFY `id` int(11) NOT NULL AUTO_INCREMENT, AUTO_INCREMENT=6;

--
-- AUTO_INCREMENT untuk tabel `wallet_details`
--
ALTER TABLE `wallet_details`
  MODIFY `id` int(11) NOT NULL AUTO_INCREMENT, AUTO_INCREMENT=6;

--
-- Ketidakleluasaan untuk tabel pelimpahan (Dumped Tables)
--

--
-- Ketidakleluasaan untuk tabel `orders`
--
ALTER TABLE `orders`
  ADD CONSTRAINT `orders_ibfk_1` FOREIGN KEY (`customer_id`) REFERENCES `users` (`id`);

--
-- Ketidakleluasaan untuk tabel `order_details`
--
ALTER TABLE `order_details`
  ADD CONSTRAINT `order_details_ibfk_1` FOREIGN KEY (`item_id`) REFERENCES `items` (`id`),
  ADD CONSTRAINT `order_details_ibfk_2` FOREIGN KEY (`order_id`) REFERENCES `orders` (`id`);

--
-- Ketidakleluasaan untuk tabel `tickets`
--
ALTER TABLE `tickets`
  ADD CONSTRAINT `tickets_ibfk_1` FOREIGN KEY (`poster_id`) REFERENCES `users` (`id`);

--
-- Ketidakleluasaan untuk tabel `ticket_details`
--
ALTER TABLE `ticket_details`
  ADD CONSTRAINT `ticket_details_ibfk_1` FOREIGN KEY (`ticket_id`) REFERENCES `tickets` (`id`),
  ADD CONSTRAINT `ticket_details_ibfk_2` FOREIGN KEY (`user_id`) REFERENCES `users` (`id`);

--
-- Ketidakleluasaan untuk tabel `wallet`
--
ALTER TABLE `wallet`
  ADD CONSTRAINT `wallet_ibfk_1` FOREIGN KEY (`customer_id`) REFERENCES `users` (`id`);

--
-- Ketidakleluasaan untuk tabel `wallet_details`
--
ALTER TABLE `wallet_details`
  ADD CONSTRAINT `wallet_details_ibfk_1` FOREIGN KEY (`wallet_id`) REFERENCES `wallet` (`id`);
COMMIT;

/*!40101 SET CHARACTER_SET_CLIENT=@OLD_CHARACTER_SET_CLIENT */;
/*!40101 SET CHARACTER_SET_RESULTS=@OLD_CHARACTER_SET_RESULTS */;
/*!40101 SET COLLATION_CONNECTION=@OLD_COLLATION_CONNECTION */;
